S2v  S1>,MS138 2,B7.8,MS8 6,MS1 13,MS13 14,S713'V,B3.22,S802',B4.08,S1707,S1213A,MS3 18,S745A,MS8 13,MS11 21,MS53 7,MS3 10,S1705,S1350,B701,MS4 1,S10071,MS8 20,MS1 18,MS16 2,S625,MS11 13,MS10 14,MS16 7,MS8 10,S524,MS3 15,MS6 8,MS3 11,S709B,MS10 6,MS11 4,MS8 12,MS11 23,MS5 4,S1502.2,MS16 3,MS4 2,S713'W,S1226,MS10 8,MS4 4,S1213B,MS11 19,S1701,MS8 30,MS11 6,MS15 6,MS1 14,MS16 8,B201,MS8 21,S705A,B213,S709A
MS138 2,0,0,0,0,1,0,0,1,0,0,2,0,2,1,1,0,2,1,0,1,0,0,0,1,0,3,1,0,0,2,1,2,0,1,0,0,1,0,0,1,1,1,1,0,2,0,0,0,1,0,0,2,0,1,1,3,0,0,0,0
B7.8,1,0,0,2,4,1,0,2,1,1,0,1,0,0,1,0,2,1,0,2,3,2,1,1,1,0,2,0,1,0,2,0,1,1,3,2,0,1,1,3,0,2,1,2,1,1,3,0,1,0,2,3,0,2,1,1,1,2,4,2
MS8 6,1,1,0,0,1,1,1,1,0,1,1,1,0,1,1,1,2,1,1,0,0,1,1,0,1,1,1,1,1,0,1,0,0,0,1,1,0,1,0,1,0,1,1,0,0,2,0,1,2,0,2,1,0,2,1,2,3,1,0,1
MS1 13,2,1,1,0,2,1,3,3,1,4,3,3,1,1,2,1,3,3,4,2,3,2,2,1,0,2,1,3,5,2,4,2,1,3,3,0,2,2,2,3,2,4,2,3,3,2,3,3,3,2,1,1,3,3,4,4,2,1,1,1
MS13 14,1,2,2,3,0,1,3,3,1,2,3,3,4,3,3,1,4,2,4,3,3,3,1,2,2,3,2,2,3,2,3,4,3,3,2,1,1,1,1,1,1,5,1,1,1,2,2,3,4,3,3,4,3,3,2,4,2,2,2,2
S713'V,1,2,1,1,1,0,0,2,1,2,2,0,3,1,2,2,1,1,2,1,2,2,1,1,2,2,2,3,1,2,2,1,1,2,0,2,1,3,2,2,2,2,1,2,3,1,2,3,1,1,3,2,2,3,2,2,0,1,1,2
B3.22,0,1,1,1,0,0,0,1,0,1,1,1,1,0,1,2,2,1,3,1,0,1,1,0,1,1,1,2,1,1,1,3,3,1,0,1,0,1,2,1,1,1,1,1,3,1,1,1,1,0,2,0,0,2,2,4,1,1,3,2
S802',2,3,3,3,1,2,1,0,1,2,2,2,2,3,2,2,3,2,2,3,3,3,2,4,3,3,3,2,2,1,2,3,3,1,2,2,0,3,2,3,4,5,2,3,2,3,1,2,2,3,2,2,3,2,1,5,2,2,4,3
B4.08,0,0,0,1,1,0,0,1,0,0,0,0,0,0,0,0,1,0,0,0,0,1,0,0,0,1,1,0,0,3,1,0,0,0,0,0,0,0,0,1,1,0,1,1,1,0,0,0,1,1,1,2,0,1,1,1,1,0,2,0
S1707,1,2,2,2,2,4,1,2,1,0,3,1,2,2,2,3,3,2,2,2,1,3,4,2,1,3,2,1,1,2,2,3,2,4,2,1,3,1,2,2,2,2,2,2,1,3,4,2,2,3,1,2,2,3,2,4,2,2,1,2
S1213A,1,1,1,1,2,2,1,0,1,1,0,0,2,1,1,0,1,1,0,1,0,0,0,1,1,0,0,1,0,0,1,1,1,0,0,1,0,0,0,0,1,1,1,1,1,0,0,0,2,1,0,0,0,0,1,1,1,1,0,0
MS3 18,0,0,0,0,0,0,0,2,0,0,0,0,0,0,1,0,0,0,0,0,1,1,0,0,0,2,0,0,0,0,0,0,0,0,1,0,0,0,0,1,0,0,0,1,0,2,0,0,0,0,0,1,0,1,1,2,0,0,0,1
S745A,0,1,0,0,1,1,2,4,1,1,3,1,0,3,2,1,3,3,1,2,2,4,2,2,1,1,2,1,1,4,4,1,1,1,0,1,2,2,1,1,1,1,3,2,3,2,1,1,1,1,1,2,1,3,2,4,2,3,2,1
MS8 13,2,0,1,1,1,1,0,2,1,1,2,0,1,0,0,2,0,1,0,0,1,2,2,2,1,0,3,0,1,2,0,1,0,0,1,0,0,2,1,0,0,2,0,0,1,1,1,2,0,1,0,1,0,3,0,0,0,1,0,1
MS11 21,1,2,1,0,2,2,1,0,1,2,1,2,1,3,0,1,2,2,1,2,1,3,1,1,0,2,1,2,1,2,4,2,1,2,0,1,1,1,1,2,3,0,2,1,1,1,3,1,1,1,1,3,1,2,1,4,1,2,2,1
MS53 7,0,0,0,1,1,0,4,1,2,1,2,3,2,3,2,0,3,3,1,1,2,3,4,3,0,2,2,2,4,2,3,1,2,0,1,1,1,4,0,1,2,3,1,1,0,2,2,0,2,1,0,3,2,4,3,2,1,4,3,2
MS3 10,1,1,1,1,1,1,1,2,1,1,1,1,1,1,1,2,0,1,1,2,1,1,1,2,1,2,2,1,1,1,1,1,1,1,1,1,1,1,1,1,1,1,1,2,1,1,1,1,1,1,1,2,1,2,1,1,1,1,1,1
S1705,1,2,2,3,1,2,0,0,0,0,1,2,1,2,1,0,1,0,0,1,2,2,1,0,3,1,0,0,0,0,1,0,2,1,0,0,0,0,2,0,2,2,2,0,3,1,0,2,2,1,1,2,0,3,2,3,2,0,0,0
S1350,0,1,0,2,3,2,1,1,2,1,3,2,0,4,2,1,2,1,0,1,3,1,0,2,2,1,1,1,1,1,1,0,1,1,1,1,2,1,3,3,2,4,1,1,1,1,1,1,1,1,3,2,1,1,1,1,3,1,1,1
B701,3,1,1,1,1,1,1,1,1,2,3,1,4,1,4,2,4,2,3,0,1,3,2,1,2,3,2,2,1,3,3,1,1,2,1,2,4,3,3,1,3,2,4,2,1,4,4,4,3,2,4,1,3,2,3,4,3,3,3,1
MS4 1,2,1,1,0,1,1,1,0,1,1,2,2,3,2,2,2,1,3,0,1,0,2,1,2,2,1,1,2,2,2,3,1,0,1,1,1,1,1,1,1,1,1,1,2,4,1,1,2,3,1,1,2,1,1,3,1,2,2,1,1
S10071,0,2,1,1,1,1,1,2,1,3,3,2,2,3,2,2,2,1,1,2,1,0,1,2,1,2,2,2,1,1,2,1,1,4,1,1,2,1,1,1,1,1,2,2,1,2,2,2,1,1,1,1,1,3,2,3,4,1,1,2
MS8 20,0,0,0,1,0,1,0,1,0,1,0,0,0,0,1,4,1,2,0,0,1,1,0,0,2,2,0,0,0,0,0,0,2,1,1,0,0,0,1,0,0,1,2,0,2,0,2,0,0,0,0,1,0,1,3,1,1,0,0,0
MS1 18,0,1,0,1,0,0,1,1,0,1,0,1,0,0,2,1,1,1,0,1,1,1,1,0,1,1,0,0,0,0,1,1,0,0,0,0,0,0,0,1,1,1,0,1,1,0,1,0,0,1,0,0,0,2,1,1,0,1,1,0
MS16 2,0,0,1,0,0,2,1,1,1,0,2,1,1,2,0,2,1,2,1,1,2,3,1,1,0,1,1,1,1,0,1,1,0,1,2,2,0,1,0,1,1,1,2,1,1,0,0,0,0,0,1,1,1,2,1,1,1,0,2,1
S625,2,0,1,2,2,1,1,1,0,0,0,1,1,2,2,1,2,1,1,0,1,1,1,1,2,0,1,1,1,1,1,1,1,1,0,1,1,0,1,1,2,1,2,1,2,2,1,1,2,1,0,2,1,2,2,1,2,4,1,1
MS11 13,2,0,1,0,2,0,1,2,0,0,0,0,0,1,0,2,2,2,2,3,1,1,0,0,0,1,0,0,0,0,0,0,0,0,0,0,0,0,0,0,0,0,0,0,1,0,0,0,0,0,0,0,0,1,0,1,0,0,0,0
MS10 14,1,0,0,1,0,0,0,2,0,0,0,0,0,0,0,3,3,1,2,2,1,1,0,0,1,2,0,0,0,0,0,0,0,1,0,0,0,0,0,0,0,0,0,1,0,0,0,0,0,0,0,0,0,0,0,1,0,0,0,0
MS16 7,0,1,3,7,5,1,3,4,1,2,1,1,1,2,1,6,5,1,6,3,2,5,1,1,2,4,3,2,0,1,1,0,4,1,1,1,0,1,1,1,0,0,0,2,2,1,2,0,0,1,3,0,1,0,1,3,0,0,1,1
MS8 10,2,0,1,2,1,0,0,2,0,0,1,0,1,1,3,4,2,1,6,1,0,0,0,1,1,2,1,1,1,0,1,0,1,1,1,0,0,0,0,0,0,1,1,1,1,0,1,0,1,1,1,0,0,0,1,0,1,1,1,0
S524,1,2,1,1,2,1,1,1,1,1,1,2,1,2,2,2,2,2,3,1,1,2,1,1,1,3,1,1,1,1,0,1,1,1,2,3,2,1,2,2,1,1,2,1,1,1,1,1,1,1,1,1,1,2,1,1,1,1,1,2
MS3 15,0,0,0,0,1,0,0,0,0,0,0,0,0,0,1,0,1,0,0,0,0,2,0,0,0,1,0,0,0,0,1,0,0,1,1,0,0,0,0,0,0,0,0,1,0,0,0,0,0,0,0,0,1,1,0,1,1,0,1,1
MS6 8,1,1,0,1,1,1,2,2,2,3,1,1,2,2,3,1,1,1,1,2,1,3,0,3,3,4,2,2,0,0,2,1,0,2,2,1,2,0,1,1,1,3,3,1,1,3,0,0,3,0,2,1,1,2,1,3,2,2,2,0
MS3 11,2,0,0,0,3,0,0,1,0,0,1,0,0,1,4,7,5,6,5,0,1,1,0,0,0,1,0,0,0,0,0,0,0,0,0,0,0,0,0,2,0,0,0,0,0,0,0,0,0,0,0,0,0,2,0,1,0,0,0,1
S709B,4,1,1,2,1,0,1,4,5,1,1,1,0,2,0,2,4,2,2,1,1,2,2,2,3,3,1,2,4,3,5,1,1,1,0,1,0,4,2,2,2,4,2,1,2,3,4,2,6,1,1,2,4,4,4,4,1,1,5,1
MS10 6,1,1,1,1,3,1,5,3,1,1,2,3,3,1,2,4,5,4,2,1,5,3,1,1,2,3,2,3,2,4,2,1,1,2,2,0,0,2,3,2,0,2,0,3,3,0,1,2,4,2,2,2,2,1,2,1,2,2,2,2
MS11 4,0,0,0,1,0,0,0,0,0,1,0,0,0,0,0,0,1,3,2,0,1,1,2,0,0,1,0,0,0,0,1,0,0,0,1,0,0,0,0,1,0,0,0,1,0,0,0,0,0,0,0,0,0,2,0,2,0,1,0,1
MS8 12,0,0,0,0,1,0,0,0,0,0,0,0,0,1,2,2,4,2,1,0,1,2,1,0,0,0,0,0,0,0,1,0,0,1,1,0,0,0,0,0,0,0,0,1,0,0,0,0,0,0,1,0,1,2,0,1,0,0,0,1
MS11 23,0,0,0,1,0,0,0,0,0,1,0,0,0,1,5,0,3,1,0,0,0,2,0,0,0,1,1,1,0,1,1,0,0,1,2,0,0,0,0,0,0,0,1,0,0,0,1,0,0,0,0,0,1,1,0,1,1,0,0,1
MS5 4,0,2,1,1,1,2,1,2,1,1,1,1,1,1,2,2,3,1,1,1,2,1,1,1,1,2,1,2,1,1,2,1,1,1,1,1,1,1,2,0,1,1,1,1,1,1,1,1,2,1,1,2,2,1,1,1,1,2,1,1
S1502.2,1,0,0,2,0,0,0,2,0,1,0,0,0,0,1,1,1,2,3,1,0,1,0,0,1,2,0,0,0,1,1,0,1,1,2,0,0,1,1,0,0,0,1,2,1,1,0,0,2,0,1,1,1,1,0,0,1,0,1,0
MS16 3,1,2,1,2,0,1,2,3,1,1,4,1,1,1,2,2,2,1,1,0,0,2,3,1,3,1,1,1,0,1,1,1,0,2,1,0,1,1,0,0,1,0,0,1,1,1,1,0,1,0,0,1,0,0,0,1,1,2,0,0
MS4 2,1,1,2,0,0,1,1,2,1,1,2,0,2,2,1,2,2,1,0,1,1,3,1,1,0,2,1,1,1,2,1,2,1,2,2,2,2,1,2,1,1,2,0,3,1,2,1,1,3,1,1,2,2,1,1,3,1,1,2,1
S713'W,1,3,4,3,1,2,1,2,2,2,0,2,2,2,5,4,3,3,1,1,3,4,3,2,1,4,2,2,1,2,1,2,2,1,2,1,1,1,2,2,2,2,3,0,2,2,1,2,1,2,2,1,1,1,2,2,2,1,3,1
S1226,2,2,2,2,2,2,2,2,2,2,2,2,2,2,3,3,3,3,2,2,2,2,1,2,2,4,1,1,1,2,2,2,1,2,1,2,1,1,1,1,2,2,2,2,0,2,2,2,2,2,2,3,2,2,3,2,2,2,2,2
MS10 8,0,2,1,0,1,1,1,3,3,2,4,1,4,2,1,1,3,3,2,3,0,1,2,1,1,2,2,2,2,2,1,2,2,2,2,1,1,2,3,1,1,4,2,3,1,0,3,2,3,1,2,3,2,1,2,5,3,2,2,2
MS4 4,0,1,1,0,0,0,1,2,2,2,2,0,0,1,1,2,1,2,2,1,2,3,1,2,0,1,0,2,0,1,0,1,2,1,0,1,1,2,2,1,1,1,0,3,2,0,0,2,1,1,1,2,2,1,2,4,2,2,2,2
S1213B,1,0,0,0,0,1,1,1,0,0,0,0,0,1,0,0,2,1,1,0,2,2,0,0,1,1,0,2,0,0,1,1,1,3,0,0,0,1,1,0,0,1,1,1,1,1,1,0,1,0,0,1,1,2,0,2,3,1,1,1
MS11 19,2,2,1,0,0,2,0,1,0,0,2,0,0,2,3,1,1,0,3,1,1,2,2,1,1,0,0,2,2,2,0,1,2,0,1,0,0,0,0,3,1,0,3,0,3,0,2,0,0,0,0,3,1,2,2,1,4,0,0,2
S1701,0,0,0,1,1,1,0,1,0,1,0,0,0,0,0,2,2,2,0,0,0,0,0,0,0,0,0,0,0,0,1,0,0,0,0,1,0,0,1,0,0,0,1,0,1,0,0,0,0,0,0,0,0,0,0,1,0,0,0,2
MS8 30,1,1,1,2,0,1,2,1,1,1,1,2,1,2,1,1,3,1,1,1,1,2,1,2,1,3,1,2,1,2,2,1,2,2,1,3,2,2,2,2,1,1,1,1,1,1,1,1,1,1,0,3,2,1,1,1,1,1,1,0
MS11 6,1,1,2,3,2,2,1,1,1,1,2,3,1,1,2,1,1,2,2,1,1,1,1,3,2,3,1,3,1,3,2,1,1,3,1,1,1,1,1,2,2,1,2,2,1,1,2,1,2,1,1,0,1,2,1,1,3,1,1,2
MS15 6,2,1,2,1,2,1,1,2,1,1,1,2,1,3,3,3,3,1,1,1,2,0,0,2,1,3,2,2,1,4,3,2,2,2,1,4,2,3,2,1,1,1,1,2,1,1,2,1,1,1,1,2,0,0,1,1,2,1,1,1
MS1 14,1,1,1,1,2,1,1,1,1,2,1,1,1,1,1,1,2,1,2,1,1,1,1,1,1,2,1,1,1,1,1,1,1,1,1,1,1,1,2,1,1,1,1,2,1,2,1,1,1,1,1,1,1,0,1,2,2,1,2,2
MS16 8,1,1,2,2,4,3,1,1,2,1,1,1,1,2,2,5,6,4,4,1,4,5,2,4,0,2,2,2,1,2,2,2,1,2,1,2,2,1,2,1,1,4,1,3,2,1,2,1,1,2,1,2,1,1,0,2,1,1,1,1
B201,1,1,1,1,1,1,1,1,1,1,1,1,1,1,0,1,1,0,2,1,1,1,1,1,1,2,1,1,1,2,1,2,1,1,1,1,1,1,1,1,1,1,1,2,1,1,1,1,1,1,2,1,1,2,1,0,2,1,1,1
MS8 21,1,1,2,1,1,0,1,1,0,0,1,0,0,1,1,3,1,1,4,2,0,1,1,2,0,0,1,0,1,1,0,1,2,3,0,2,0,0,0,0,0,0,0,1,0,0,2,0,0,0,0,0,0,1,1,1,0,1,1,1
S705A,0,1,2,0,2,3,0,1,1,2,1,2,1,0,2,6,2,0,4,0,3,0,0,0,0,0,2,0,0,0,1,0,2,1,0,0,0,0,0,0,0,0,0,1,1,1,2,3,0,0,0,2,3,2,1,2,0,0,0,2
B213,0,1,0,1,0,2,1,3,0,0,0,2,1,2,2,2,1,1,2,1,1,1,0,0,0,3,2,2,2,3,0,3,3,1,1,1,1,1,2,1,3,1,2,4,1,1,1,2,1,2,2,0,3,2,2,2,3,1,0,1
S709A,2,1,0,2,1,1,1,2,2,1,1,1,1,2,5,3,2,3,3,1,1,1,1,1,1,4,1,1,1,2,2,1,1,2,1,1,2,1,2,1,1,2,1,1,1,1,1,1,1,1,0,2,1,2,2,2,2,1,1,0
